window_id,mse_error,true_label,pred_label
0,0.13495228,0,0
1,0.07861929,0,0
2,0.07355527,0,0
3,0.07640146,0,0
4,0.07887397,0,0
5,0.07797948,0,0
6,0.07659181,0,0
7,0.07829241,0,0
8,0.07953996,0,0
9,0.07748748,0,0
10,0.07687873,0,0
11,0.07796659,0,0
12,0.07968646,0,0
13,0.08340921,0,0
14,0.08553731,0,0
15,0.10801899,0,0
16,0.16723469,0,0
17,0.15138018,0,0
18,0.13846022,0,0
19,0.14804880,0,0
20,0.16612199,0,0
21,0.17917843,0,0
22,0.21482506,0,0
23,0.19143894,0,0
24,0.13454549,0,0
25,0.13658381,0,0
26,0.14054185,0,0
27,0.13790499,0,0
28,0.13700542,0,0
29,0.13438259,0,0
30,0.13095857,0,0
31,0.03256311,0,0
32,0.01707005,0,0
33,0.01449177,0,0
34,0.01490812,0,0
35,0.01415826,0,0
36,0.01373331,0,0
37,0.01410487,0,0
38,0.01328667,0,0
39,0.01322969,0,0
40,0.01288088,0,0
41,0.01347214,0,0
42,0.01333267,0,0
43,0.01381309,0,0
44,0.20547087,0,0
45,0.07309853,0,0
46,0.02705759,0,0
47,0.02064806,0,0
48,0.02264741,0,0
49,0.02296404,0,0
50,0.02543063,0,0
51,0.02803257,0,0
52,0.02584757,0,0
53,0.02494390,0,0
54,0.02513746,0,0
55,0.77244186,0,0
56,0.74354827,0,0
57,0.73536652,0,0
58,0.73531610,0,0
59,0.73572105,1,0
60,0.73552185,1,0
61,0.73421466,0,0
62,0.72962648,0,0
63,0.72599995,0,0
64,0.72759110,0,0
65,0.72375125,0,0
66,0.66269249,0,0
67,0.62946016,0,0
68,0.61753201,0,0
69,0.61174941,0,0
70,0.61444771,0,0
71,0.60851598,0,0
72,0.60616004,0,0
73,0.60609269,0,0
74,0.59682381,0,0
75,0.59666902,0,0
76,0.59653187,0,0
77,0.58529049,0,0
78,0.58522826,0,0
79,0.74774331,0,0
80,0.70078593,0,0
81,0.74898785,0,0
82,0.74090207,0,0
83,0.64372182,0,0
84,0.64970005,0,0
85,0.64219522,0,0
86,0.71569741,0,0
87,0.72906512,0,0
88,0.67603046,0,0
89,0.76302242,0,0
90,0.78063458,0,0
91,0.79620302,0,0
92,0.70072448,0,0
93,0.62483960,0,0
94,0.78223616,0,0
95,0.84874517,0,0
96,0.79696447,0,0
97,0.67604554,0,0
98,0.65445566,0,0
99,0.74062568,0,0
100,0.72407979,0,0
101,0.66522408,0,0
102,0.69057709,0,0
103,0.75093067,0,0
104,0.67454427,0,0
105,0.66675824,0,0
106,0.74599737,0,0
107,0.74373627,0,0
108,0.69044524,0,0
109,1.22144389,0,1
110,1.15783632,0,0
111,1.36019206,0,1
112,1.36691141,0,1
113,0.99977124,0,0
114,1.31756210,0,1
115,1.51612449,0,1
116,1.44790518,0,1
117,1.37368393,0,1
118,1.39418912,0,1
119,1.41239393,1,1
120,1.93406463,1,1
121,2.00258517,1,1
122,1.69384432,0,1
123,1.76775408,0,1
124,1.75762904,1,1
125,1.98494208,1,1
126,2.45054197,1,1
127,2.19404221,1,1
128,2.22283721,1,1
129,2.12067795,1,1
130,2.34375215,1,1
131,2.31253362,1,1
132,2.14227462,1,1
133,1.50487161,1,1
134,1.36662757,0,1
135,1.23322976,0,1
136,1.29007280,0,1
137,1.55613089,0,1
138,1.38677704,0,1
139,1.31108046,0,1
140,1.47055697,0,1
141,1.40864038,0,1
142,1.64929688,0,1
143,1.75283396,1,1
144,1.73724830,0,1
145,1.62407112,0,1
146,1.71937668,0,1
147,1.91000581,1,1
148,1.90595710,1,1
149,1.72899020,0,1
150,1.92877960,1,1
151,1.73742104,0,1
152,1.82092726,0,1
153,1.77830553,0,1
154,1.73375154,0,1
155,1.81189156,0,1
156,1.84141922,1,1
157,1.88469696,1,1
158,0.17689086,0,0
159,0.11095337,0,0
160,0.10841645,0,0
161,0.11006893,0,0
162,0.10516245,0,0
163,0.10335765,0,0
164,0.09943589,0,0
165,0.09565415,0,0
166,0.09498011,0,0
167,0.09677685,0,0
168,0.10048766,0,0
169,0.16099617,0,0
170,0.12921457,0,0
171,0.12778947,0,0
172,0.12531483,0,0
173,0.12638140,0,0
174,0.12484409,0,0
175,0.12502792,0,0
176,0.12799460,0,0
177,0.12984927,0,0
178,0.13119717,0,0
179,0.12679817,0,0
180,0.12969248,0,0
181,0.06807689,0,0
182,0.02359696,0,0
183,0.00636645,0,0
184,0.00196589,0,0
185,0.00371484,0,0
186,0.00294939,0,0
187,0.00118558,0,0
188,0.00060325,1,0
189,0.00068714,0,0
190,0.00238652,0,0
191,0.00279375,0,0
192,0.69446135,0,0
193,0.25174811,0,0
194,0.08926748,0,0
195,0.03266342,0,0
196,0.02176483,0,0
197,0.02012917,0,0
198,0.01892929,0,0
199,0.01756393,0,0
200,0.01651875,0,0
201,0.01630553,0,0
202,0.01669790,0,0
203,0.59661114,0,0
204,0.53443646,0,0
205,0.53391868,0,0
206,0.53275257,0,0
207,0.53030002,0,0
208,0.53210801,0,0
209,0.53677303,0,0
210,0.53861284,0,0
211,0.53762037,0,0
212,0.53459579,0,0
213,0.53218699,0,0
214,0.47880322,0,0
215,0.45473999,0,0
216,0.44553137,0,0
217,0.44242191,0,0
218,0.44086733,0,0
219,0.43908677,0,0
220,0.43934256,1,0
221,0.44027916,0,0
222,0.44105980,0,0
223,0.44265738,0,0
224,0.44285941,0,0
225,0.44295955,0,0
226,0.44484791,0,0
227,0.91337460,0,0
228,0.97075653,0,0
229,0.94060540,0,0
230,0.81097573,0,0
231,0.67362696,0,0
232,0.79428041,0,0
233,0.77245057,0,0
234,0.73181248,0,0
235,0.76644897,0,0
236,0.85698760,0,0
237,0.89450455,0,0
238,0.73919505,0,0
239,0.74748123,0,0
240,0.73881233,0,0
241,0.68736470,0,0
242,1.11920035,0,0
243,1.13649762,0,0
244,1.05714655,0,0
245,0.93306351,0,0
246,0.79200989,0,0
247,0.84083748,0,0
248,0.84030420,0,0
249,0.88390023,0,0
250,1.02142060,0,0
251,0.93544155,0,0
252,0.79467744,0,0
253,0.86538839,0,0
254,0.81408811,0,0
255,0.68728441,0,0
256,1.42986393,0,1
257,1.39623988,0,1
258,1.74016058,0,1
259,1.75169146,0,1
260,1.72054732,0,1
261,1.40273726,0,1
262,1.72028053,0,1
263,1.74827313,1,1
264,1.96983039,1,1
265,2.05118775,1,1
266,2.02051663,1,1
267,1.85824418,1,1
268,1.79089606,1,1
269,2.02624679,1,1
270,1.80384278,1,1
271,1.81147683,1,1
272,1.74579585,1,1
273,1.96690834,0,1
274,1.82830584,1,1
275,1.63889849,1,1
276,2.08270001,1,1
277,1.75053978,1,1
278,1.61931896,1,1
279,1.41552687,0,1
280,1.17109704,0,0
281,1.33346784,0,1
282,1.33292258,0,1
283,1.01731849,0,0
284,1.01556909,0,0
285,1.08168077,0,0
286,1.02758467,0,0
287,1.31283057,0,1
288,1.17688429,0,0
289,1.22567606,0,1
290,1.22613680,0,1
291,1.19517207,0,0
292,1.26386094,0,1
293,1.25300443,0,1
294,1.13923180,0,0
295,1.46081984,0,1
296,1.30863059,0,1
297,1.13210571,0,0
298,1.13374817,0,0
299,1.12192976,0,0
300,1.13949370,0,0
301,1.03799081,0,0
302,0.37597376,0,0
303,0.20259760,0,0
304,0.08194632,0,0
305,0.03364876,0,0
306,0.06002118,0,0
307,0.06190210,0,0
308,0.04062366,0,0
309,0.02392643,0,0
310,0.00725503,0,0
311,0.00551801,0,0
312,0.00544372,0,0
313,0.00714691,0,0
314,0.00935507,0,0
315,0.00893908,0,0
316,0.00944394,0,0
317,0.06257754,0,0
318,0.11302568,0,0
319,0.01821490,0,0
320,0.01094702,0,0
321,0.01283961,0,0
322,0.01466480,0,0
323,0.01501228,0,0
324,0.01580648,0,0
325,0.01900139,0,0
326,0.01701402,0,0
327,0.01389296,0,0
328,0.01717455,0,0
329,0.19333550,0,0
330,0.02344607,0,0
331,0.00239846,0,0
332,0.00279093,0,0
333,0.00266602,0,0
334,0.00213643,0,0
335,0.00219912,0,0
336,0.00308480,0,0
337,0.00365254,0,0
338,0.00223633,0,0
339,0.00171587,0,0
340,0.00201336,0,0
341,0.00945698,0,0
342,0.13704482,0,0
343,0.04298574,0,0
344,0.01722133,0,0
345,0.01590541,0,0
346,0.00584359,0,0
347,0.00328292,0,0
348,0.00262579,0,0
349,0.00268485,0,0
350,0.00766232,0,0
351,0.00889141,0,0
352,0.00335960,0,0
353,0.00810988,0,0
354,0.67134255,0,0
355,0.57100099,0,0
356,0.55627590,0,0
357,0.55405605,0,0
358,0.55520535,0,0
359,0.55500531,0,0
360,0.55443776,0,0
361,0.55423343,0,0
362,0.55529433,0,0
363,0.55545932,0,0
364,0.55478382,0,0
365,0.55499059,0,0
366,0.55426401,0,0
367,0.55564362,0,0
368,0.55458176,0,0
369,0.55932683,0,0
370,0.67723972,0,0
371,0.62342530,0,0
372,0.57105428,0,0
373,0.56715125,0,0
374,0.56539083,0,0
375,0.56572425,0,0
376,0.56631488,0,0
377,0.56509727,0,0
378,0.56456953,0,0
379,0.56412631,0,0
380,0.56375927,0,0
381,0.56379819,0,0
382,0.56440765,0,0
383,0.56249583,0,0
384,0.55843782,0,0
385,0.60566163,0,0
386,0.48613507,0,0
387,0.48140135,0,0
388,0.52324206,0,0
389,0.65933478,0,0
390,0.65168828,0,0
391,0.61787957,0,0
392,0.59777629,0,0
393,0.58660930,0,0
394,0.53794771,0,0
395,0.42599747,0,0
396,0.49606419,0,0
397,0.56603473,0,0
398,0.50084686,0,0
399,0.53471476,0,0
400,0.64149868,0,0
401,0.62143910,0,0
402,0.69442606,0,0
403,0.61180937,0,0
404,0.56567287,0,0
405,0.67248785,0,0
406,0.73416549,0,0
407,0.71996713,0,0
408,0.70447272,0,0
409,0.65229321,0,0
410,0.65210074,0,0
411,0.61263072,0,0
412,0.64097005,0,0
413,0.56661767,0,0
414,0.62295347,0,0
415,0.72639847,0,0
416,0.77513772,0,0
417,0.98028141,0,0
418,0.62686700,0,0
419,0.79973620,0,0
420,0.72319990,0,0
421,0.56802410,0,0
422,0.68097168,0,0
423,1.05989659,0,0
424,1.07065094,0,0
425,0.89766610,0,0
426,1.07950699,0,0
427,0.84414917,0,0
428,0.81224060,0,0
429,1.09216833,0,0
430,0.81437850,0,0
431,0.78477299,0,0
432,0.97744012,0,0
433,1.08176279,0,0
434,1.00951290,0,0
435,0.97670406,0,0
436,0.83815968,0,0
437,0.94872361,0,0
438,0.94005901,0,0
439,0.71256918,0,0
440,0.74807918,0,0
441,0.81316161,0,0
442,0.81370145,0,0
443,0.83946139,0,0
444,0.88700420,0,0
445,0.88974297,0,0
446,0.88157409,0,0
447,0.79327679,0,0
448,0.69873989,0,0
449,0.99379963,0,0
450,0.83618575,0,0
451,0.85075492,0,0
452,0.83027703,0,0
453,0.87017065,0,0
454,0.91845918,0,0
455,1.02934647,0,0
456,1.13314068,0,0
457,1.11164176,0,0
458,1.20449698,0,0
459,0.94075650,0,0
460,0.96556801,0,0
461,1.17191875,0,0
462,1.14622080,0,0
463,1.04612482,0,0
464,1.15585518,0,0
465,1.06385708,0,0
466,0.53322935,0,0
467,0.11456483,0,0
468,0.07711058,0,0
469,0.05857996,0,0
470,0.03857147,0,0
471,0.02478072,0,0
472,0.01680043,0,0
473,0.01837312,0,0
474,0.01516096,0,0
475,0.01930147,0,0
476,0.01958651,0,0
477,0.01554113,0,0
478,0.01299738,0,0
479,0.01184217,0,0
480,0.01048253,0,0
481,0.04896921,0,0
482,0.21794271,0,0
483,0.03878748,0,0
484,0.02620284,0,0
485,0.03708883,0,0
486,0.04399863,0,0
487,0.02593090,0,0
488,0.01697789,0,0
489,0.01459467,0,0
490,0.01769596,0,0
491,0.01685693,0,0
492,0.01197936,0,0
493,0.01595280,0,0
494,0.18384844,0,0
495,0.03044370,0,0
496,0.01379870,0,0
497,0.01322324,0,0
498,0.01270096,0,0
499,0.01860972,0,0
500,0.02240954,0,0
501,0.02510822,0,0
502,0.02565925,0,0
503,0.01908784,0,0
504,0.01566253,0,0
505,0.01485699,0,0
506,0.01476525,0,0
507,0.01517998,0,0
508,0.48075381,0,0
509,0.09781787,0,0
510,0.02919516,0,0
511,0.01485565,0,0
512,0.01088089,0,0
513,0.00877430,0,0
514,0.01242527,0,0
515,0.03032604,0,0
516,0.04075736,0,0
517,0.12569407,0,0
518,0.13665277,0,0
519,0.04774773,0,0
520,0.82729596,0,0
521,0.60223740,0,0
522,0.59225172,0,0
523,0.59741139,0,0
524,0.60684812,0,0
525,0.60233867,0,0
526,0.58923972,0,0
527,0.58735877,0,0
528,0.58990383,0,0
529,0.59534943,0,0
530,0.59920245,0,0
531,0.60251194,0,0
532,0.71980917,0,0
533,0.63183075,0,0
534,0.61853629,0,0
535,0.61732930,0,0
536,0.61557454,0,0
537,0.61603284,0,0
538,0.61577719,0,0
539,0.61650383,0,0
540,0.61689568,0,0
541,0.61642838,0,0
542,0.61752766,0,0
543,0.61786491,0,0
544,0.61260033,0,0
545,0.69424015,0,0
546,0.57574540,0,0
547,0.69687992,0,0
548,0.73050892,0,0
549,0.73968196,0,0
550,0.62655628,0,0
551,0.61204290,0,0
552,0.59866524,0,0
553,0.62781799,0,0
554,0.59102482,0,0
555,0.59662241,0,0
556,0.65697765,0,0
557,0.67261964,0,0
558,0.85230267,0,0
559,0.65751129,0,0
560,0.66041392,0,0
561,0.66079658,0,0
562,0.65839607,0,0
563,0.77851444,0,0
564,0.83845329,0,0
565,0.68003613,0,0
566,0.64665496,0,0
567,0.75567192,0,0
568,0.79865921,0,0
569,0.73115969,0,0
570,0.76258796,0,0
571,0.76166278,0,0
572,0.72043407,0,0
573,0.84918439,0,0
574,0.78479624,0,0
575,1.24162829,0,1
576,1.13232362,0,0
577,1.01595879,0,0
578,1.03579652,0,0
579,0.93391591,0,0
580,1.01858127,0,0
581,1.12979507,0,0
582,0.94169140,0,0
583,1.24739373,0,1
584,1.38715982,0,1
585,1.38707626,0,1
586,1.09773660,0,0
587,1.15106297,1,0
588,1.04834557,0,0
589,1.21363640,0,0
590,1.40888941,0,1
591,1.26975906,0,1
592,1.14502525,0,0
593,1.30503714,0,1
594,1.39005113,1,1
595,1.08219302,0,0
596,0.97720212,0,0
597,0.98151958,0,0
598,0.94453174,0,0
599,0.94640338,0,0
600,1.07503748,0,0
601,1.07169688,0,0
602,1.12160087,0,0
603,1.09050763,0,0
604,0.97757977,0,0
605,0.97255707,0,0
606,0.99578190,0,0
607,0.97739899,0,0
608,0.98297638,0,0
609,1.00186205,0,0
610,0.99214810,0,0
611,1.31158602,0,1
612,1.07238150,0,0
613,1.14935625,0,0
614,1.14482319,0,0
615,0.89670926,0,0
616,0.90071553,0,0
617,1.06060708,0,0
618,1.06686378,0,0
619,0.07403942,0,0
620,0.01274365,0,0
621,0.00627383,0,0
622,0.00764683,0,0
623,0.00823957,0,0
624,0.00825563,0,0
625,0.00581091,0,0
626,0.00490098,0,0
627,0.00554185,0,0
628,0.00525598,0,0
629,0.01638677,0,0
630,0.00918576,0,0
631,0.00425005,0,0
632,0.00333596,0,0
633,0.00330365,0,0
634,0.00291227,0,0
635,0.00298339,0,0
636,0.07251737,0,0
637,0.13957602,0,0
638,0.07967053,0,0
639,0.03040655,0,0
640,0.03645388,0,0
641,0.02986136,0,0
642,0.00765567,0,0
643,0.00495540,0,0
644,0.00235339,0,0
645,0.00125410,0,0
646,0.00085312,0,0
647,0.00128126,0,0
648,0.00146559,0,0
649,0.00170688,0,0
650,0.00125892,0,0
651,0.00157166,0,0
652,0.11132775,0,0
653,0.03028885,0,0
654,0.01473305,0,0
655,0.01040495,0,0
656,0.01255845,0,0
657,0.01688386,0,0
658,0.01810803,0,0
659,0.02131447,0,0
660,0.02343346,0,0
661,0.02213080,0,0
662,0.01977343,0,0
663,0.01268425,0,0
664,0.01098613,0,0
665,0.01077331,0,0
666,1.24678087,0,1
667,0.91959256,0,0
668,0.85552913,0,0
669,0.83441246,0,0
670,0.87002456,0,0
671,0.86255765,0,0
672,0.85890234,0,0
673,0.86321217,0,0
674,0.86339885,0,0
675,0.85739166,0,0
676,0.85459381,0,0
677,0.85001832,0,0
678,1.04770243,0,0
679,0.96525121,0,0
680,0.92802960,0,0
681,0.91678852,0,0
682,0.91354519,0,0
683,0.91556209,0,0
684,0.91880119,0,0
685,0.91114140,0,0
686,0.91723603,0,0
687,0.94300395,0,0
688,0.92946559,0,0
689,0.92746502,0,0
690,1.11469746,0,0
691,1.29681718,0,1
692,1.21002281,0,0
693,1.15553558,1,0
694,1.16375780,0,0
695,1.48422682,0,1
696,1.13648713,0,0
697,0.91987067,0,0
698,0.84011298,0,0
699,0.96860802,0,0
700,0.83663869,0,0
701,0.87780869,0,0
702,1.12281287,0,0
703,1.42658472,0,1
704,1.23773253,0,1
705,1.02332199,0,0
706,0.96624905,0,0
707,0.97699326,0,0
708,1.11035264,0,0
709,1.37059426,0,1
710,1.16846371,0,0
711,1.12779200,0,0
712,1.07150137,0,0
713,1.02961397,0,0
714,1.04803503,0,0
715,0.97968698,0,0
716,0.83924168,0,0
717,1.00904977,0,0
718,1.15412652,0,0
719,1.24326873,0,1
720,1.09965253,0,0
721,0.99745399,0,0
722,1.15233195,0,0
723,1.47440994,0,1
724,0.94491178,0,0
725,0.84183896,0,0
726,0.67398453,0,0
727,1.02806914,0,0
728,1.04575896,0,0
729,0.91903192,0,0
730,0.80584258,0,0
731,0.85108930,0,0
732,1.12684631,0,0
733,1.32306170,0,1
734,1.15067887,0,0
735,1.66695189,1,1
736,1.92402780,1,1
737,2.02451444,1,1
738,1.35027063,0,1
739,1.26707268,0,1
740,1.27624953,0,1
741,1.24507368,0,1
742,1.13062537,0,0
743,0.87542862,0,0
744,0.99159938,0,0
745,1.14595687,0,0
746,1.06391728,0,0
747,1.40935969,0,1
748,1.42816901,0,1
749,1.59550941,1,1
750,1.85338724,1,1
751,1.90755296,1,1
752,1.76949036,1,1
753,1.35236013,1,1
754,1.37156343,0,1
755,1.80242813,0,1
756,1.29034388,0,1
757,1.33560622,0,1
758,1.16392016,0,0
759,1.07866883,0,0
760,1.10770822,0,0
761,1.06512725,0,0
762,0.98896831,0,0
763,0.45938948,0,0
764,0.15175925,0,0
765,0.08080125,0,0
766,0.06315301,0,0
767,0.05311862,0,0
768,0.04692785,0,0
769,0.04595007,0,0
770,0.04576967,0,0
771,0.04513533,0,0
772,0.04148279,0,0
773,0.03987984,0,0
774,0.22918984,0,0
775,0.09021265,0,0
776,0.04889514,0,0
777,0.03705907,0,0
778,0.03503270,0,0
779,0.04661680,0,0
780,0.05290480,0,0
781,0.04257171,0,0
782,0.03632376,0,0
783,0.03684863,0,0
784,0.04076890,0,0
785,0.04111743,0,0
786,0.24365118,0,0
787,0.04910107,0,0
788,0.01546395,0,0
789,0.48171744,0,0
790,0.73286706,0,0
791,0.87386799,0,0
792,1.18413377,1,0
793,0.59096414,0,0
794,0.22024834,0,0
795,0.20727386,0,0
796,0.20093471,0,0
797,0.19612290,0,0
798,0.16299267,0,0
799,0.08246631,0,0
800,0.06163380,0,0
801,0.05119615,0,0
802,0.04796343,0,0
803,0.04993865,0,0
804,0.04983962,0,0
805,0.04760456,0,0
806,0.06678817,0,0
807,0.08550040,0,0
808,0.06998531,0,0
809,0.04406126,0,0
810,0.03361043,0,0
811,0.77984518,0,0
812,0.72315198,0,0
813,0.70913672,0,0
814,0.70824379,0,0
815,0.71030205,0,0
816,0.73239887,0,0
817,0.74822670,0,0
818,0.74271995,0,0
819,0.73448616,0,0
820,0.72560698,0,0
821,0.72612339,0,0
822,0.85663825,0,0
823,0.75359368,0,0
824,0.72486317,0,0
825,0.71982789,0,0
826,0.73765075,0,0
827,0.76171899,0,0
828,0.75276083,0,0
829,0.73778349,0,0
830,0.74337906,0,0
831,0.73860931,0,0
832,0.72513127,0,0
833,0.72761184,0,0
834,0.73228937,0,0
835,0.73941588,0,0
836,0.73750335,0,0
837,1.66085589,0,1
838,1.59273040,0,1
839,1.65178597,0,1
840,1.82564211,1,1
841,1.67093730,1,1
842,1.63472438,0,1
843,1.57638562,0,1
844,1.54655778,0,1
845,1.58856738,1,1
846,1.63927913,1,1
847,1.47718966,0,1
848,1.35097873,0,1
849,1.43645644,0,1
850,1.63696325,0,1
851,1.57720101,0,1
852,1.33353102,0,1
853,1.40220618,0,1
854,1.20458221,0,0
855,1.38390899,0,1
856,1.62983191,0,1
857,1.53299868,0,1
858,1.42680991,0,1
859,1.45302796,0,1
860,1.32724512,0,1
861,1.48745179,0,1
862,1.53483284,0,1
863,1.67096674,1,1
864,1.63667703,1,1
865,1.70729208,0,1
866,1.62247813,1,1
867,1.70756602,0,1
868,1.78835893,1,1
869,1.75916374,1,1
870,1.75164664,1,1
871,1.71108961,1,1
872,2.00911140,1,1
873,1.78157806,1,1
874,1.81998062,1,1
875,1.72035706,1,1
876,1.62182212,1,1
877,2.12566614,0,1
878,1.76915467,0,1
879,1.73780370,0,1
880,1.63213313,0,1
881,1.76676142,0,1
882,1.52432847,0,1
883,1.53364718,0,1
884,1.50658953,0,1
885,2.02238441,0,1
886,1.94653535,0,1
887,1.94426978,0,1
888,1.60743010,0,1
889,1.52073181,0,1
890,1.65695810,0,1
891,1.89306259,0,1
892,1.69469452,0,1
893,1.64339638,0,1
894,1.93298173,0,1
895,1.81395769,0,1
896,1.55613577,0,1
897,1.65139163,0,1
898,1.84311509,0,1
899,1.65542853,0,1
900,1.78242457,0,1
901,1.82227290,0,1
902,1.81770623,0,1
903,1.64599907,1,1
904,1.91834557,1,1
905,2.10598469,1,1
906,1.82495558,1,1
907,0.11844590,0,0
908,0.08960191,0,0
909,0.06737900,0,0
910,0.04504514,0,0
911,0.04191475,0,0
912,0.03907353,0,0
913,0.03374244,0,0
914,0.03272898,0,0
915,0.03474978,0,0
916,0.03611492,0,0
917,0.03709492,0,0
918,0.03670219,0,0
919,0.10229920,0,0
920,0.05671497,0,0
921,0.05717427,0,0
922,0.06078355,0,0
923,0.05904549,0,0
924,0.05782137,0,0
925,0.05948389,0,0
926,0.05883042,0,0
927,0.05887944,0,0
928,0.06308901,0,0
929,0.07787267,0,0
930,0.12362240,0,0
931,0.03331854,0,0
932,0.01440942,0,0
933,0.01277415,1,0
934,0.01280816,0,0
935,0.01298960,0,0
936,0.01276625,0,0
937,0.01253127,0,0
938,0.01244665,1,0
939,0.01239487,0,0
940,0.01235397,0,0
941,0.01235393,0,0
942,0.49425417,0,0
943,0.10682140,0,0
944,0.02002766,0,0
945,0.00188655,0,0
946,0.00121273,0,0
947,0.00095294,0,0
948,0.00093894,0,0
949,0.00087982,0,0
950,0.00079164,0,0
951,0.00088972,0,0
952,0.00095675,0,0
953,0.00139390,0,0
954,0.79882652,0,0
955,0.60514790,0,0
956,0.59936005,0,0
957,0.59830344,0,0
958,0.59773868,0,0
959,0.59761184,0,0
960,0.59791946,0,0
961,0.59748852,0,0
962,0.59850270,1,0
963,0.59883004,1,0
964,0.59982067,1,0
965,0.60013574,0,0
966,0.59945041,0,0
967,0.60151196,0,0
968,0.60372090,0,0
969,2.83784962,0,1
970,1.65961421,0,1
971,1.53715897,0,1
972,1.52357101,0,1
973,1.52018332,0,1
974,1.51625383,0,1
975,1.52031863,0,1
976,1.52472460,0,1
977,1.52000701,0,1
978,1.51685333,0,1
979,1.51489902,0,1
980,1.51506031,0,1
981,1.51476347,0,1
982,1.51409280,0,1
983,1.51477933,0,1
984,1.52726150,0,1
985,1.19871032,0,0
986,1.16765070,0,0
987,1.29300749,0,1
988,1.35364091,0,1
989,1.33409822,0,1
990,1.34234810,0,1
991,1.31313980,0,1
992,1.26591074,0,1
993,1.28773928,0,1
994,1.28849602,0,1
995,1.22502089,0,1
996,1.14230502,0,0
997,1.17633450,0,0
998,1.20483255,0,0
999,1.10908878,0,0
1000,1.21146584,0,0
1001,1.30575716,0,1
1002,1.25031209,0,1
1003,1.16319048,0,0
1004,1.25457895,0,1
1005,1.28459036,0,1
1006,1.20539641,0,0
1007,1.39982760,0,1
1008,1.39321375,0,1
1009,1.21580851,0,0
1010,1.19812381,0,0
1011,1.25228012,0,1
1012,2.20948434,1,1
1013,2.36249971,1,1
1014,2.22626901,1,1
1015,2.29344773,1,1
1016,2.16247749,1,1
1017,1.96685302,1,1
1018,2.22587514,1,1
1019,1.91108596,1,1
1020,2.09777093,1,1
1021,2.20451021,1,1
1022,2.16539001,1,1
1023,2.06524706,1,1
1024,1.79726982,1,1
1025,1.80399239,1,1
1026,1.77758718,1,1
1027,1.74330783,1,1
1028,1.88751519,1,1
1029,1.69769371,1,1
1030,1.47919619,0,1
1031,1.83282411,1,1
1032,1.95770943,1,1
1033,1.97635269,1,1
1034,1.68791807,1,1
1035,1.74336720,0,1
1036,1.71011245,0,1
1037,1.47679198,0,1
1038,1.63663185,1,1
1039,1.50841033,1,1
1040,1.63914871,1,1
1041,1.65507829,0,1
1042,1.39172292,0,1
1043,1.39902592,0,1
1044,1.54522514,0,1
1045,1.59242785,0,1
1046,1.43257987,1,1
1047,1.51577818,1,1
1048,1.61889350,0,1
1049,1.44400239,0,1
1050,1.41081452,0,1
1051,1.48297787,0,1
1052,1.48864698,0,1
1053,1.34201729,0,1
1054,0.14559814,0,0
1055,0.04240739,0,0
1056,0.00858978,0,0
1057,0.00570227,0,0
1058,0.00888812,0,0
1059,0.07390440,0,0
1060,0.15048192,0,0
1061,0.07131375,0,0
1062,0.01417452,0,0
1063,0.00776509,0,0
1064,0.00404056,0,0
1065,0.03852512,0,0
1066,0.01678317,0,0
1067,0.01665543,0,0
1068,0.02035941,0,0
1069,0.01581996,0,0
1070,0.01199227,0,0
1071,0.01105968,0,0
1072,0.00949771,0,0
1073,0.00841536,0,0
1074,0.00815336,0,0
1075,0.65100819,0,0
1076,0.34794125,0,0
1077,0.27882090,0,0
1078,0.26447850,0,0
1079,0.26205444,1,0
1080,0.26054457,1,0
1081,0.25959811,1,0
1082,0.25990966,0,0
1083,0.26028126,0,0
1084,0.25950959,0,0
1085,0.25825772,0,0
1086,0.25749841,0,0
1087,0.25737783,0,0
1088,0.25727421,0,0
1089,0.25723234,0,0
1090,0.25682151,0,0
1091,0.25644225,0,0
1092,0.22556134,0,0
1093,0.08113845,0,0
1094,0.03975192,0,0
1095,0.03058619,0,0
1096,0.02601012,0,0
1097,0.02890594,0,0
1098,0.03816007,0,0
1099,0.03382892,0,0
1100,0.02441238,0,0
1101,0.02388735,0,0
1102,0.02330847,0,0
1103,0.02290964,0,0
1104,0.02323934,0,0
1105,1.28499389,0,1
1106,1.14401686,0,0
1107,1.04219329,0,0
1108,1.04965746,0,0
1109,1.03409350,0,0
1110,1.03506303,0,0
1111,1.03858614,0,0
1112,1.04404557,0,0
1113,1.04537833,0,0
1114,1.04664338,0,0
1115,1.28898978,0,1
1116,1.13777947,0,0
1117,1.12683892,0,0
1118,1.12951982,0,0
1119,1.13063109,0,0
1120,1.12947166,0,0
1121,1.12946582,0,0
1122,1.13123560,0,0
1123,1.12920821,0,0
1124,1.12802780,0,0
1125,1.13604975,0,0
1126,1.12851882,0,0
1127,1.13456726,0,0
1128,1.14125001,0,0
1129,1.14684641,0,0
1130,1.13763118,0,0
1131,1.13814700,0,0
1132,1.08521056,0,0
1133,1.24719048,0,1
1134,1.28047991,0,1
1135,1.19538200,0,0
1136,1.20434725,0,0
1137,1.27435601,0,1
1138,1.35701561,0,1
1139,1.40648425,0,1
1140,1.40991521,0,1
1141,1.25708914,0,1
1142,1.18670094,0,0
1143,1.29953110,0,1
1144,1.41320741,0,1
1145,1.08166468,0,0
1146,1.35679293,0,1
1147,1.46865010,0,1
1148,1.35937560,0,1
1149,1.41617692,0,1
1150,1.54330444,0,1
1151,1.49075818,0,1
1152,1.43907928,0,1
1153,1.46374869,0,1
1154,1.45157194,0,1
1155,1.44316077,0,1
1156,1.41715205,0,1
1157,1.42859101,0,1
1158,1.61528468,1,1
1159,1.74887979,0,1
1160,1.65995085,1,1
1161,1.54505813,1,1
1162,1.54955351,1,1
1163,1.51372921,1,1
1164,1.97601783,1,1
1165,2.17861032,1,1
1166,2.23923588,1,1
1167,2.03189254,1,1
1168,2.00881553,1,1
1169,1.93264389,1,1
1170,1.82479715,1,1
1171,1.95032275,1,1
1172,2.00151181,1,1
1173,1.75034356,1,1
1174,1.53640091,0,1
1175,1.71649742,1,1
1176,1.55191970,1,1
1177,1.76316345,1,1
1178,1.39344609,0,1
1179,1.47793448,0,1
1180,1.58575392,0,1
1181,1.51186287,0,1
1182,1.67486632,1,1
1183,1.84310114,1,1
1184,1.59429574,0,1
1185,1.69316638,1,1
1186,1.33746028,0,1
1187,1.53865111,0,1
1188,1.65552568,0,1
1189,1.57946825,1,1
1190,1.69106925,1,1
1191,1.80302346,1,1
1192,1.70338571,1,1
1193,1.48171866,1,1
1194,1.34679163,0,1
1195,1.46289659,0,1
1196,1.52258360,0,1
1197,1.44304025,0,1
1198,1.65145969,0,1
1199,1.73593295,0,1
1200,1.50583231,0,1
1201,0.05549952,0,0
1202,0.04324524,0,0
1203,0.03645275,0,0
1204,0.03943546,0,0
1205,0.04161058,0,0
1206,0.03945665,0,0
1207,0.03749194,0,0
1208,0.03693004,0,0
1209,0.03939528,0,0
1210,0.04202355,0,0
1211,0.04110769,0,0
1212,0.08989532,0,0
1213,0.08300152,0,0
1214,0.08069029,0,0
1215,0.08015242,0,0
1216,0.08098470,0,0
1217,0.08062064,0,0
1218,0.08027426,0,0
1219,0.08305413,0,0
1220,0.08635452,0,0
1221,0.09890166,0,0
1222,0.14080338,0,0
1223,0.17091247,0,0
1224,0.10646626,0,0
1225,0.09348731,0,0
1226,0.08885884,0,0
1227,0.08029924,0,0
1228,0.02785340,0,0
1229,0.01213731,0,0
1230,0.00653745,0,0
1231,0.00405482,0,0
1232,0.00193042,0,0
1233,0.00731844,0,0
1234,0.00818012,0,0
1235,0.00336235,0,0
1236,0.00210611,0,0
1237,0.00100804,0,0
1238,0.00093528,0,0
1239,0.00105706,0,0
1240,0.17973079,0,0
1241,0.10308022,0,0
1242,0.02982484,0,0
1243,0.00982469,0,0
1244,0.00624642,0,0
1245,0.00514192,0,0
1246,0.00362010,0,0
1247,0.00340840,0,0
1248,0.00339833,0,0
1249,0.00424076,0,0
1250,0.00670300,0,0
1251,0.03307910,0,0
1252,0.05001886,0,0
1253,0.04862262,0,0
1254,0.04480825,0,0
1255,0.04378467,0,0
1256,0.89810985,0,0
1257,0.50914824,0,0
1258,0.47238180,0,0
1259,0.46608576,0,0
1260,0.47261420,0,0
1261,0.46390280,0,0
1262,0.46765804,0,0
1263,0.47953436,0,0
1264,0.48339549,0,0
1265,0.48014805,0,0
1266,0.46325096,0,0
1267,0.47121081,0,0
1268,0.49423537,0,0
1269,0.49081463,0,0
1270,0.59342414,0,0
1271,0.56846577,0,0
1272,0.55963922,0,0
1273,0.57107931,0,0
1274,0.57615215,0,0
1275,0.55358922,0,0
1276,0.54409039,0,0
1277,0.55430573,0,0
1278,0.54690170,0,0
1279,0.53653127,0,0
1280,0.54633772,0,0
1281,0.55537307,0,0
1282,0.55079776,0,0
1283,1.79173553,0,1
1284,1.21016991,0,0
1285,1.22286201,0,1
1286,0.95490837,0,0
1287,0.91123730,0,0
1288,1.08104348,0,0
1289,1.02739179,0,0
1290,0.90283245,0,0
1291,0.93571335,0,0
1292,0.93784165,0,0
1293,1.02243781,0,0
1294,0.99456513,0,0
1295,0.92516309,0,0
1296,0.83376873,0,0
1297,1.28052759,0,1
1298,1.15327740,0,0
1299,1.09463179,0,0
1300,1.15557086,0,0
1301,1.13051414,0,0
1302,1.04889548,0,0
1303,1.02812243,0,0
1304,1.01317048,0,0
1305,1.02952099,0,0
1306,1.00168169,0,0
1307,1.09429169,0,0
1308,0.99094880,0,0
1309,0.86412221,0,0
1310,1.43428946,0,1
1311,1.04544091,0,0
1312,1.16667259,0,0
1313,1.38047957,0,1
1314,1.21388316,0,0
1315,1.20152795,0,0
1316,1.34431243,0,1
1317,1.05698144,0,0
1318,1.26602066,0,1
1319,1.12884164,0,0
1320,1.07776070,0,0
1321,1.24131835,0,1
1322,1.15373504,0,0
1323,1.19602776,0,0
1324,1.37610626,0,1
1325,1.06976867,0,0
1326,1.02692938,0,0
1327,1.04463923,0,0
1328,1.03700888,0,0
1329,1.10870004,0,0
1330,1.09915411,0,0
1331,1.19988418,0,0
1332,1.43711829,0,1
1333,1.14072084,0,0
1334,0.98550797,0,0
1335,1.17475867,0,0
1336,1.00087929,0,0
1337,1.14000869,0,0
1338,1.16132355,0,0
1339,0.89054692,0,0
1340,0.91165227,0,0
1341,0.93477482,0,0
1342,0.77352363,0,0
1343,0.71019936,0,0
1344,1.04461253,0,0
1345,0.92045891,0,0
1346,1.00602889,0,0
1347,1.06965148,0,0
1348,0.88800055,0,0
1349,0.85856217,0,0
1350,0.84207708,0,0
1351,0.85733426,0,0
1352,0.95217282,0,0
1353,1.08679438,0,0
1354,0.84673482,0,0
1355,0.88235748,0,0
1356,0.87450868,0,0
1357,0.77333051,0,0
1358,0.92013150,0,0
1359,1.07383859,0,0
1360,0.85084456,0,0
1361,0.78359079,0,0
1362,0.62325305,0,0
1363,0.37821448,0,0
1364,0.08359442,0,0
1365,0.08206097,0,0
1366,0.09768051,0,0
1367,0.08924130,0,0
1368,0.06117374,0,0
1369,0.05414601,0,0
1370,0.04996809,0,0
1371,0.04701887,0,0
1372,0.05104260,0,0
1373,0.05270327,0,0
1374,0.04974039,0,0
1375,0.04862138,0,0
1376,0.06014024,0,0
1377,0.08583999,0,0
1378,0.07920275,0,0
1379,0.06737021,0,0
1380,0.06056976,0,0
1381,0.04624497,0,0
1382,0.04604816,0,0
1383,0.04728742,0,0
1384,0.05003820,0,0
1385,0.11221740,0,0
1386,0.08905349,0,0
1387,0.07877942,0,0
1388,0.09918384,0,0
1389,0.18142472,0,0
1390,0.35171753,0,0
1391,0.52087575,0,0
1392,0.43651572,0,0
1393,0.17219082,0,0
1394,0.10390106,0,0
1395,0.10505033,0,0
1396,0.04324059,0,0
1397,0.00977889,0,0
1398,0.00600611,0,0
1399,0.00548808,0,0
1400,0.00695232,0,0
1401,0.00869100,0,0
1402,0.00545891,0,0
1403,0.00327534,0,0
1404,0.17024334,0,0
1405,0.05890938,0,0
1406,0.02888095,0,0
1407,0.02381653,0,0
1408,0.02296179,0,0
1409,0.02417301,0,0
1410,0.02541362,0,0
1411,0.02754878,0,0
1412,0.02928955,0,0
1413,0.02788715,0,0
1414,0.02678336,0,0
1415,0.02776370,0,0
1416,0.02860246,0,0
1417,0.02992057,0,0
1418,0.03009428,0,0
1419,0.63546687,0,0
1420,0.57536656,0,0
1421,0.60203546,0,0
1422,0.62369204,0,0
1423,0.61812782,0,0
1424,0.60513198,0,0
1425,0.60463279,0,0
1426,0.60534668,0,0
1427,0.60041928,0,0
1428,0.59728771,0,0
1429,0.60012031,0,0
1430,0.60200006,0,0
1431,0.60334426,0,0
1432,0.60546249,0,0
1433,0.60913593,0,0
1434,0.61517268,0,0
1435,0.61744529,0,0
1436,0.61706585,0,0
1437,0.73906082,0,0
1438,0.68590724,0,0
1439,0.66952109,0,0
1440,0.65955842,0,0
1441,0.66562515,0,0
1442,0.67138726,0,0
1443,0.67096168,0,0
1444,0.67145187,0,0
1445,0.67164314,0,0
1446,0.67056680,0,0
1447,0.66886747,0,0
1448,0.67286777,0,0
1449,0.67927951,0,0
1450,0.68023843,0,0
1451,0.67943436,0,0
1452,1.29816353,0,1
1453,1.02066743,0,0
1454,0.93672997,0,0
1455,0.94113785,0,0
1456,0.94737297,0,0
1457,1.13361883,0,0
1458,1.08265090,0,0
1459,0.90061784,0,0
1460,0.84857404,0,0
1461,0.91254479,0,0
1462,1.01863396,0,0
1463,0.89584351,0,0
1464,1.29776263,0,1
1465,1.04559195,0,0
1466,1.03907442,0,0
1467,1.21413720,0,0
1468,1.05784059,0,0
1469,0.79210025,0,0
1470,0.91241676,0,0
1471,1.01044357,0,0
1472,0.96568680,0,0
1473,1.01132131,0,0
1474,1.03558254,0,0
1475,1.22067916,0,1
1476,1.21228540,0,0
1477,1.58571601,0,1
1478,1.48586345,0,1
1479,1.50747740,0,1
1480,1.60971129,1,1
1481,1.55861223,1,1
1482,1.61770594,1,1
1483,1.32231009,0,1
1484,1.85969460,0,1
1485,2.12492990,1,1
1486,1.69902134,1,1
1487,1.61048067,1,1
1488,1.36910558,0,1
1489,1.94911051,1,1
1490,2.19723058,1,1
1491,1.94903147,1,1
1492,1.84751070,1,1
1493,1.86213648,1,1
1494,1.68020153,1,1
1495,1.45128274,1,1
1496,1.11380446,0,0
1497,0.90166283,0,0
1498,0.88195515,0,0
1499,0.89458299,0,0
1500,0.81912023,0,0
1501,0.93403512,0,0
1502,0.92063397,0,0
1503,0.71451813,0,0
1504,1.13585937,0,0
1505,1.00118792,0,0
1506,0.99007016,0,0
1507,0.81621194,0,0
1508,0.85447448,0,0
1509,0.94300014,0,0
1510,0.98460561,0,0
1511,0.82069504,0,0
1512,0.99795109,0,0
1513,0.93294835,0,0
1514,0.95425862,0,0
1515,0.83701640,0,0
1516,0.78631765,0,0
1517,0.89174640,0,0
1518,1.04125381,0,0
1519,1.09048879,0,0
1520,1.15005922,0,0
1521,0.11704033,0,0
1522,0.11045061,0,0
1523,0.09639362,0,0
1524,0.09235913,0,0
1525,0.09125393,0,0
1526,0.08947548,0,0
1527,0.09161974,0,0
1528,0.09205673,0,0
1529,0.09126704,0,0
1530,0.09077746,0,0
1531,0.09256142,0,0
1532,0.10207975,0,0
1533,0.10294144,0,0
1534,0.09428290,0,0
1535,0.10007183,0,0
1536,0.10387657,0,0
1537,0.15314637,0,0
1538,0.14383490,0,0
1539,0.14628728,0,0
1540,0.14976740,0,0
1541,0.14960034,0,0
1542,0.14882077,0,0
1543,0.15122516,0,0
1544,0.15074639,0,0
1545,0.15390284,0,0
1546,0.15826082,0,0
1547,0.20941435,0,0
1548,0.35989705,0,0
1549,0.06375724,0,0
1550,0.01638835,0,0
1551,0.00413173,0,0
1552,0.00115990,0,0
1553,0.00081162,0,0
1554,0.00078575,0,0
1555,0.00070266,0,0
1556,0.00070253,0,0
1557,0.00086912,0,0
1558,0.00087770,0,0
1559,0.00061462,0,0
1560,0.00084706,0,0
1561,0.15432686,0,0
1562,0.08097303,0,0
1563,0.05789190,0,0
1564,0.05266529,0,0
1565,0.05043966,0,0
1566,0.04857432,0,0
1567,0.04730328,0,0
1568,0.04533686,0,0
1569,0.04481540,0,0
1570,0.04533871,0,0
1571,0.04550773,0,0
1572,0.44003561,0,0
1573,0.36889002,0,0
1574,0.36775145,0,0
1575,0.37221980,0,0
1576,0.37217793,0,0
1577,0.37465522,0,0
1578,0.37018886,0,0
1579,0.37244487,0,0
1580,0.37299722,0,0
1581,0.37397617,0,0
1582,0.37940079,0,0
1583,0.37960535,0,0
1584,0.37980267,0,0
1585,0.39634147,0,0
1586,0.48715931,0,0
1587,0.36401716,0,0
1588,0.32467335,0,0
1589,0.33456126,0,0
1590,0.34047231,0,0
1591,0.33834735,0,0
1592,0.33860812,0,0
1593,0.33522770,0,0
1594,0.33836719,0,0
1595,0.33607772,0,0
1596,0.34123507,0,0
1597,0.34036615,0,0
1598,0.34230444,0,0
1599,0.34277788,0,0
1600,0.34375992,0,0
1601,0.34419289,0,0
1602,0.33902052,0,0
1603,0.33851209,0,0
1604,0.44207630,0,0
1605,1.18414843,0,0
1606,1.20843005,0,0
1607,1.41797364,0,1
1608,1.29585981,0,1
1609,1.21527398,0,0
1610,1.28960383,0,1
1611,1.42531013,0,1
1612,1.57429290,1,1
1613,1.37347722,0,1
1614,1.31551278,0,1
1615,1.37382424,0,1
1616,1.49924469,0,1
1617,1.51839221,0,1
1618,1.42824161,0,1
1619,1.09243190,0,0
1620,1.04531944,0,0
1621,1.22456408,0,1
1622,1.28196883,0,1
1623,1.21346474,0,0
1624,1.31648111,0,1
1625,1.32726216,0,1
1626,1.16763163,0,0
1627,1.29167354,0,1
1628,1.33251059,0,1
1629,1.18235302,0,0
1630,1.21212435,0,0
1631,1.22486627,0,1
1632,1.15997422,0,0
1633,1.30854404,0,1
1634,1.30104864,0,1
1635,1.12170732,0,0
1636,1.11922145,0,0
1637,1.34224987,0,1
1638,1.74662840,0,1
1639,1.36707175,0,1
1640,1.50032902,0,1
1641,1.74493206,0,1
1642,1.48972189,0,1
1643,1.38087809,0,1
1644,1.56333208,0,1
1645,1.57027948,0,1
1646,1.81716013,0,1
1647,1.87290621,0,1
1648,1.61474442,0,1
1649,1.89324760,0,1
1650,1.55632496,0,1
1651,1.15139055,0,0
1652,1.15147102,0,0
1653,1.74095082,0,1
1654,1.28984523,0,1
1655,1.68986213,0,1
1656,1.93787348,0,1
1657,1.71560550,0,1
1658,1.76636147,0,1
1659,1.59525239,0,1
1660,1.40054429,0,1
1661,1.54730034,0,1
1662,1.68240416,0,1
1663,1.49770296,0,1
1664,0.94559711,0,0
1665,1.10378456,0,0
1666,1.46173346,0,1
1667,1.21210670,0,0
1668,1.09509492,0,0
1669,1.26423407,0,1
1670,1.09935057,0,0
1671,1.28489780,0,1
1672,1.30540633,0,1
1673,1.55364442,0,1
1674,1.42910731,0,1
1675,1.18504989,0,0
1676,1.43165231,0,1
1677,1.48669243,0,1
1678,1.29838347,0,1
1679,1.39523685,0,1
1680,1.43868887,0,1
1681,1.33741534,0,1
1682,1.26101935,0,1
1683,1.93990099,0,1
1684,1.69789660,1,1
1685,1.75390756,1,1
1686,1.61646950,0,1
1687,1.40345395,0,1
1688,1.49729538,0,1
1689,1.75359750,0,1
1690,1.65812981,1,1
1691,1.52501214,0,1
1692,1.36514938,0,1
1693,0.13067323,0,0
1694,0.10839103,0,0
1695,0.04127537,0,0
1696,0.03954563,0,0
1697,0.03434908,0,0
1698,0.02760606,0,0
1699,0.02701592,0,0
1700,0.02819936,0,0
1701,0.03164155,0,0
1702,0.03735958,0,0
1703,0.03889443,0,0
1704,0.03615945,0,0
1705,0.03379126,0,0
1706,0.03597189,0,0
1707,0.14827991,0,0
1708,0.07837004,0,0
1709,0.07419030,0,0
1710,0.07301181,0,0
1711,0.07482218,0,0
1712,0.07437591,0,0
1713,0.07068514,0,0
1714,0.07080749,0,0
1715,0.07138805,0,0
1716,0.07078407,0,0
1717,0.06895054,0,0
1718,0.06868733,0,0
1719,0.07120030,0,0
1720,0.07063652,0,0
1721,0.06788515,0,0
1722,0.06858328,0,0
1723,0.12428024,0,0
1724,0.01977794,0,0
1725,0.00266888,0,0
1726,0.00133888,0,0
1727,0.00123350,0,0
1728,0.00121016,0,0
1729,0.00119471,0,0
1730,0.00127403,0,0
1731,0.00121644,0,0
1732,0.00103561,0,0
1733,0.25046578,0,0
1734,0.06810604,0,0
1735,0.01373580,0,0
1736,0.00440211,0,0
1737,0.00350905,0,0
1738,0.00352585,0,0
1739,0.00370726,0,0
1740,0.00358290,0,0
1741,0.00407452,0,0
1742,0.00470243,0,0
1743,0.00380431,0,0
1744,0.00362785,0,0
1745,0.00565103,0,0
1746,0.00570430,0,0
1747,0.00405499,0,0
1748,0.51580840,0,0
1749,0.47349158,0,0
1750,0.47238412,0,0
1751,0.47419167,0,0
1752,0.47433737,0,0
1753,0.47344303,0,0
1754,0.47366810,0,0
1755,0.47479227,0,0
1756,0.47487620,0,0
1757,0.47507939,0,0
1758,0.47522026,0,0
1759,0.47612181,0,0
1760,0.47631583,0,0
1761,0.43323079,0,0
1762,0.41225311,0,0
1763,0.41134992,0,0
1764,0.41041380,0,0
1765,0.40942398,0,0
1766,0.41050375,0,0
1767,0.41067261,0,0
1768,0.41047874,0,0
1769,0.41247424,0,0
1770,0.41959217,0,0
1771,0.42249528,0,0
1772,0.41806132,0,0
1773,0.41653743,0,0
1774,0.42172676,0,0
1775,0.42321765,0,0
1776,0.42653418,0,0
1777,1.30074739,0,1
1778,1.36976969,0,1
1779,1.16257250,0,0
1780,1.19205379,0,0
1781,1.33989334,0,1
1782,1.42864990,0,1
1783,1.42607629,0,1
1784,1.28284431,0,1
1785,1.24773467,0,1
1786,1.34733725,0,1
1787,1.32576644,0,1
1788,1.26722443,0,1
1789,1.25569677,0,1
1790,1.36621940,0,1
1791,1.24202859,0,1
1792,1.21262467,0,0
1793,1.25962090,0,1
1794,1.37828100,0,1
1795,1.36890328,0,1
1796,1.27343476,0,1
1797,1.20446551,0,0
1798,1.22573364,0,1
1799,1.13688993,0,0
1800,1.11450601,0,0
1801,1.30135167,0,1
1802,1.73848534,0,1
1803,1.68734825,0,1
1804,1.47706330,0,1
1805,1.79552841,1,1
1806,1.81126237,1,1
1807,1.75446868,0,1
1808,1.55381644,1,1
1809,1.60812747,1,1
1810,1.54986238,0,1
1811,1.39355898,0,1
1812,1.65505862,0,1
1813,1.83179009,0,1
1814,1.58490050,0,1
1815,1.34423506,0,1
1816,1.39611292,0,1
1817,1.35850775,0,1
1818,1.91520369,1,1
1819,2.00227022,1,1
1820,2.00738883,1,1
1821,1.74942803,1,1
1822,1.54521906,0,1
1823,1.54133666,1,1
1824,1.61515391,0,1
1825,1.28694582,0,1
1826,1.48569834,1,1
1827,1.50630438,1,1
1828,1.11628008,0,0
1829,1.15598071,0,0
1830,1.30575991,0,1
1831,1.14585388,0,0
1832,1.40995657,0,1
1833,1.16844618,0,0
1834,1.53413451,0,1
1835,1.58814704,1,1
1836,1.42480278,0,1
1837,1.25580895,0,1
1838,1.26905441,0,1
1839,1.23398435,0,1
1840,1.84215462,1,1
1841,1.49457443,0,1
1842,1.38470328,0,1
1843,1.46208334,1,1
1844,1.49877131,1,1
1845,1.51944125,1,1
1846,1.52091002,0,1
1847,1.40055406,0,1
1848,0.02688114,0,0
1849,0.02447027,0,0
1850,0.02234462,0,0
1851,0.02182448,0,0
1852,0.02188418,0,0
1853,0.02161042,0,0
1854,0.02229357,0,0
1855,0.03838187,0,0
1856,0.05652792,0,0
1857,0.04590464,0,0
1858,0.03361246,0,0
1859,0.03348060,0,0
1860,0.03392871,0,0
1861,0.03185966,0,0
1862,0.04116523,0,0
1863,0.05706425,0,0
1864,0.04525058,0,0
1865,0.02723422,0,0
1866,0.02623771,0,0
1867,0.03042362,0,0
1868,0.02699351,0,0
1869,0.06409147,0,0
1870,0.05230198,0,0
1871,0.04510853,0,0
1872,0.04276720,0,0
1873,0.04110609,0,0
1874,0.04307820,0,0
1875,0.04319936,0,0
1876,0.04107010,0,0
1877,0.04233144,0,0
1878,0.04326232,0,0
1879,0.04601992,0,0
1880,0.04619860,0,0
1881,0.04126127,0,0
1882,0.04378862,0,0
1883,0.04649753,0,0
1884,0.04282176,0,0
1885,0.04146523,0,0
1886,0.04165569,0,0
1887,0.04159265,0,0
1888,0.02649464,0,0
1889,0.00592266,0,0
1890,0.00170912,0,0
1891,0.00115935,0,0
1892,0.00118480,0,0
1893,0.00128502,0,0
1894,0.00099447,0,0
1895,0.00080465,0,0
1896,0.00088854,0,0
1897,0.00098335,0,0
1898,0.00096300,0,0
1899,0.00098102,0,0
1900,0.00100024,0,0
1901,0.00092424,0,0
1902,0.04846581,0,0
1903,0.00550056,0,0
1904,0.00214622,0,0
1905,0.00232971,0,0
1906,0.00164150,0,0
1907,0.00192781,0,0
1908,0.00175090,0,0
1909,0.00119215,0,0
1910,0.00094477,0,0
1911,0.00108266,0,0
1912,0.00105713,0,0
1913,0.00093784,0,0
1914,0.00074713,0,0
1915,0.00073593,0,0
1916,0.00091725,0,0
1917,0.00080877,0,0
1918,0.47214615,0,0
1919,0.47173151,0,0
1920,0.47145972,0,0
1921,0.47222820,1,0
1922,0.47253439,0,0
1923,0.47218314,0,0
1924,0.47091231,0,0
1925,0.47020149,0,0
1926,0.46981961,0,0
1927,0.47019666,0,0
1928,0.47116914,0,0
1929,0.47073534,0,0
1930,0.47025883,0,0
1931,0.47086865,1,0
1932,0.47147402,1,0
1933,0.41736549,0,0
1934,0.41761664,0,0
1935,0.41830936,0,0
1936,0.41719940,0,0
1937,0.41591462,0,0
1938,0.41558182,0,0
1939,0.41516748,0,0
1940,0.41560975,0,0
1941,0.41591492,0,0
1942,0.41564804,0,0
1943,0.41546550,0,0
1944,0.41461420,0,0
1945,0.41507164,0,0
1946,0.41539112,0,0
1947,0.41464606,0,0
1948,0.41481468,0,0
1949,0.41424698,0,0
1950,0.52244848,0,0
1951,0.54698402,0,0
1952,0.60173827,0,0
1953,0.63653761,0,0
1954,0.64522505,0,0
1955,0.68596876,0,0
1956,0.66264385,0,0
1957,0.52680528,0,0
1958,0.52323461,0,0
1959,0.60986966,0,0
1960,0.62798095,0,0
1961,0.59972042,0,0
1962,0.58985591,0,0
1963,0.58021802,0,0
1964,0.53042090,0,0
1965,0.57715428,0,0
1966,0.57143772,0,0
1967,0.58012789,0,0
1968,0.62222737,0,0
1969,0.62846798,0,0
1970,0.64965206,0,0
1971,0.61657274,0,0
1972,0.58799678,0,0
1973,0.66643602,0,0
1974,0.66365290,0,0
1975,0.56956321,0,0
1976,0.61546743,0,0
1977,0.58742809,0,0
1978,0.53796089,0,0
1979,0.67482263,0,0
1980,0.64015567,0,0
1981,0.74493700,0,0
1982,0.87536073,0,0
1983,0.76124948,0,0
1984,0.82999116,0,0
1985,0.72355849,0,0
1986,0.69276869,0,0
1987,0.62157887,0,0
1988,0.93337178,0,0
1989,0.95477372,0,0
1990,0.64163667,0,0
1991,0.63433075,0,0
1992,0.63562948,0,0
1993,0.66551256,0,0
1994,0.72399300,0,0
1995,0.82939178,0,0
1996,0.74739438,0,0
1997,0.65578675,0,0
1998,0.57751709,0,0
1999,0.67340320,0,0
2000,0.60938519,0,0
2001,1.09396112,0,0
2002,1.09006739,0,0
2003,0.74783891,0,0
2004,0.90387833,0,0
2005,0.87812984,0,0
2006,0.63874006,0,0
2007,0.64162672,0,0
2008,0.82594997,0,0
2009,0.58571422,0,0
2010,0.65404457,0,0
2011,0.80479115,0,0
2012,0.76800591,0,0
2013,0.80398446,0,0
2014,0.93032020,0,0
2015,0.93467832,0,0
2016,0.70216602,0,0
2017,0.64291793,0,0
2018,0.57191885,0,0
2019,0.94303781,0,0
2020,0.91662705,0,0
2021,0.76054168,0,0
2022,0.87142140,0,0
2023,0.91274559,0,0
2024,0.82220459,0,0
2025,0.74669278,0,0
2026,0.80248928,0,0
2027,0.53311455,0,0
2028,0.59084296,0,0
2029,0.77719074,0,0
2030,0.78377771,0,0
2031,0.71790016,0,0
2032,0.84843570,0,0
2033,0.86722535,0,0
2034,0.73443598,0,0
2035,0.65554637,0,0
2036,0.10286700,0,0
2037,0.10168680,0,0
2038,0.10111085,0,0
2039,0.09368858,0,0
2040,0.09546144,0,0
2041,0.09872589,0,0
2042,0.10358004,0,0
2043,0.11322420,0,0
2044,0.10640524,0,0
2045,0.09627979,0,0
2046,0.09723860,0,0
2047,0.09993779,0,0
2048,0.10117192,0,0
2049,0.09859158,0,0
2050,0.09871113,0,0
2051,0.10023362,0,0
2052,0.10098208,0,0
2053,0.10416686,0,0
2054,0.15399534,0,0
2055,0.13686247,0,0
2056,0.12963526,0,0
2057,0.13094565,0,0
2058,0.13168016,0,0
2059,0.12860586,0,0
2060,0.12631260,0,0
2061,0.12476081,0,0
2062,0.12490463,0,0
2063,0.12535246,0,0
2064,0.12336109,0,0
2065,0.12491253,0,0
2066,0.12708116,0,0
2067,0.12378988,0,0
2068,0.12284078,0,0
2069,0.05152173,0,0
2070,0.00617986,0,0
2071,0.00140078,0,0
2072,0.00106400,0,0
2073,0.00087566,0,0
2074,0.00077251,0,0
2075,0.00089215,0,0
2076,0.00090064,0,0
2077,0.00075066,0,0
2078,0.00086988,0,0
2079,0.00076957,0,0
2080,0.00058330,0,0
2081,0.00066609,0,0
2082,0.16653869,0,0
2083,0.05787973,0,0
2084,0.02871126,0,0
2085,0.02445206,0,0
2086,0.02336680,0,0
2087,0.02210871,0,0
2088,0.02103292,0,0
2089,0.02086534,0,0
2090,0.02123404,0,0
2091,0.02078995,0,0
2092,0.02073149,0,0
2093,0.02124004,0,0
2094,0.02097508,0,0
2095,0.02153600,0,0
2096,0.42753157,0,0
2097,0.41968212,0,0
2098,0.42253789,0,0
2099,0.42136803,0,0
2100,0.41895753,0,0
2101,0.41965488,0,0
2102,0.41743699,0,0
2103,0.42036226,0,0
2104,0.42385998,0,0
2105,0.42240316,0,0
2106,0.42769659,0,0
2107,0.42721197,0,0
2108,0.42500442,0,0
2109,0.42913580,0,0
2110,0.42598072,0,0
2111,0.42714348,0,0
2112,0.40501308,0,0
2113,0.39738074,0,0
2114,0.39392114,0,0
2115,0.39045852,0,0
2116,0.38976613,0,0
2117,0.39187828,0,0
2118,0.38968650,0,0
2119,0.38929543,0,0
2120,0.38574043,0,0
2121,0.38157701,0,0
2122,0.38497344,0,0
2123,0.38764483,0,0
2124,0.38299152,0,0
2125,0.38227236,0,0
2126,0.38814032,0,0
2127,0.38443008,0,0
2128,0.38502279,0,0
2129,0.74950367,0,0
2130,0.73382348,0,0
2131,0.83217448,0,0
2132,0.83636093,0,0
2133,0.74339402,0,0
2134,0.81058228,0,0
2135,0.82664186,0,0
2136,0.71281940,0,0
2137,0.70855439,0,0
2138,0.74067426,0,0
2139,0.70267266,0,0
2140,0.68022835,0,0
2141,0.69008362,0,0
2142,0.63696110,0,0
2143,0.77094448,0,0
2144,0.71541846,0,0
2145,0.72366643,0,0
2146,0.77305561,0,0
2147,0.74134827,0,0
2148,0.81564373,0,0
2149,0.83757508,0,0
2150,0.80096382,0,0
2151,0.84385127,0,0
2152,0.82234967,0,0
2153,0.85264015,0,0
2154,0.85377175,0,0
2155,0.76804185,0,0
2156,0.83479637,0,0
2157,0.91918766,0,0
2158,1.16459215,0,0
2159,1.30131197,0,1
2160,0.98681831,0,0
2161,1.15330040,0,0
2162,1.13852441,0,0
2163,0.90797764,0,0
2164,0.90189904,0,0
2165,0.83473235,0,0
2166,0.69600868,0,0
2167,1.04580879,0,0
2168,1.24106085,0,1
2169,0.94076878,0,0
2170,0.86008114,0,0
2171,0.81691039,0,0
2172,0.76840097,0,0
2173,0.76913965,0,0
2174,1.05754066,0,0
2175,0.85500509,0,0
2176,1.02445722,0,0
2177,1.03219748,0,0
2178,0.84044528,0,0
2179,0.96404117,0,0
2180,0.98845100,0,0
2181,0.81942207,0,0
2182,0.77773011,0,0
2183,0.95797282,0,0
2184,0.81274444,0,0
2185,0.88669729,0,0
2186,1.07192361,0,0
2187,1.03458190,0,0
2188,0.98246807,0,0
2189,1.05448556,0,0
2190,1.00165701,0,0
2191,0.95404649,0,0
2192,0.92523110,0,0
2193,0.93743747,0,0
2194,0.73170561,0,0
2195,0.75653404,0,0
2196,0.98124653,0,0
2197,0.97266346,0,0
2198,0.96154147,0,0
2199,1.03251421,0,0
2200,1.02840197,0,0
2201,0.92816907,0,0
2202,0.84898740,0,0
2203,0.89976811,0,0
2204,0.74835229,0,0
2205,1.05474031,0,0
2206,1.23898292,0,1
2207,0.97990662,0,0
2208,1.21870768,0,1
2209,1.21247208,0,0
2210,0.92012173,0,0
2211,0.93431216,0,0
2212,0.04245982,0,0
2213,0.04092501,0,0
2214,0.03676672,0,0
2215,0.02270805,0,0
2216,0.02303042,0,0
2217,0.02504591,0,0
2218,0.02743204,0,0
2219,0.04414498,0,0
2220,0.04618261,0,0
2221,0.03330913,0,0
2222,0.03268218,0,0
2223,0.03213476,0,0
2224,0.03310262,0,0
2225,0.03499807,0,0
2226,0.03378656,0,0
2227,0.03197208,0,0
2228,0.03131927,0,0
2229,0.03709500,0,0
2230,0.06023979,0,0
2231,0.06492141,0,0
2232,0.04279749,0,0
2233,0.08561894,0,0
2234,0.08106028,0,0
2235,0.14139505,0,0
2236,0.13468030,0,0
2237,0.07954627,0,0
2238,0.04652850,0,0
2239,0.04027038,0,0
2240,0.03375723,0,0
2241,0.03693255,0,0
2242,0.06006658,0,0
2243,0.07227951,0,0
2244,0.07083090,0,0
2245,0.07405467,0,0
2246,0.06495110,0,0
2247,0.07574303,0,0
2248,0.09810044,0,0
2249,0.07932055,0,0
2250,0.11820417,0,0
2251,0.03462731,0,0
2252,0.00674494,0,0
2253,0.00264805,0,0
2254,0.00465467,0,0
2255,0.00588416,0,0
2256,0.00396900,0,0
2257,0.00232287,0,0
2258,0.00150216,0,0
2259,0.00084417,0,0
2260,0.00089122,0,0
2261,0.00104484,0,0
2262,0.00085072,0,0
2263,0.00072256,1,0
2264,0.00092473,0,0
2265,0.00076217,0,0
2266,0.00067867,0,0
2267,0.00061877,0,0
2268,0.00066072,0,0
2269,0.00092802,0,0
2270,0.87577462,0,0
2271,0.27527332,0,0
2272,0.06056808,0,0
2273,0.00970250,0,0
2274,0.00323934,0,0
2275,0.00204447,0,0
2276,0.03053364,0,0
2277,0.05633210,0,0
2278,0.03872684,0,0
2279,0.02008263,0,0
2280,0.01043446,0,0
2281,0.00430738,0,0
2282,0.00837932,0,0
2283,0.01290054,0,0
2284,0.01633058,0,0
2285,0.01436072,0,0
2286,1.01531148,0,0
2287,0.74428618,0,0
2288,0.73652130,0,0
2289,0.73378664,0,0
2290,0.73329037,0,0
2291,0.73691410,0,0
2292,0.73918682,0,0
2293,0.73666745,0,0
2294,0.73558044,0,0
2295,0.73558742,0,0
2296,0.73540533,0,0
2297,0.73725724,0,0
2298,0.73946011,0,0
2299,0.73985988,0,0
2300,0.73969418,0,0
2301,0.73909342,0,0
2302,0.74103236,0,0
2303,0.58842343,0,0
2304,0.57137746,0,0
2305,0.57623559,0,0
2306,0.58617729,0,0
2307,0.59398746,0,0
2308,0.59391034,0,0
2309,0.59663552,0,0
2310,0.60407048,0,0
2311,0.59880084,0,0
2312,0.60071957,0,0
2313,0.62062627,0,0
2314,0.63199896,0,0
2315,0.63025498,0,0
2316,0.62814438,0,0
2317,1.47290480,0,1
2318,1.49723566,0,1
2319,1.60745180,0,1
2320,1.61558878,0,1
2321,1.52977967,0,1
2322,1.72179687,0,1
2323,1.88886833,1,1
2324,1.73319089,0,1
2325,1.67984581,0,1
2326,1.71894217,1,1
2327,1.72229779,1,1
2328,1.67485559,0,1
2329,1.74771500,0,1
2330,1.81474388,1,1
2331,1.60547411,0,1
2332,2.08206415,1,1
2333,2.15845203,1,1
2334,1.70848870,1,1
2335,1.68080604,1,1
2336,1.76564300,1,1
2337,2.09369016,1,1
2338,2.08961272,1,1
2339,1.65934670,1,1
2340,1.71590185,1,1
2341,1.83454704,1,1
2342,2.09447908,1,1
2343,1.92649508,1,1
2344,2.34592175,1,1
2345,2.37777543,1,1
2346,2.51248598,1,1
2347,2.62981725,1,1
2348,2.67884874,1,1
2349,2.13965344,1,1
2350,2.02899671,1,1
2351,1.83899271,1,1
2352,2.05716634,1,1
2353,2.48997283,1,1
2354,2.23108792,1,1
2355,2.40151024,1,1
2356,2.14119649,1,1
2357,2.32219172,1,1
2358,1.80407524,1,1
2359,1.70733833,1,1
2360,1.92004097,0,1
2361,2.00018334,1,1
2362,1.90275621,1,1
2363,1.96100700,1,1
2364,1.96606874,1,1
2365,1.77905357,0,1
2366,1.69365287,0,1
2367,1.67161751,0,1
2368,2.15072179,1,1
2369,1.93436730,1,1
2370,2.31120729,1,1
2371,2.51425552,1,1
2372,2.21819758,1,1
2373,1.92700219,0,1
2374,1.68895173,0,1
2375,1.66988230,0,1
2376,1.87901175,0,1
2377,2.04078674,0,1
2378,2.15790272,0,1
2379,1.98151290,0,1
2380,2.10961580,0,1
2381,1.88098657,0,1
2382,1.68290734,0,1
2383,1.37128949,0,1
2384,1.90648270,0,1
2385,1.76061976,0,1
2386,2.01062608,0,1
2387,2.14219093,0,1
2388,2.18246770,1,1
2389,2.53962922,1,1
2390,2.16679072,1,1
2391,1.84906626,0,1
2392,0.47734791,0,0
2393,0.28755429,0,0
2394,0.21131375,0,0
2395,0.29738030,0,0
2396,0.27246347,0,0
2397,0.20478146,0,0
2398,0.19422296,0,0
2399,0.16505642,0,0
2400,0.17236552,0,0
2401,0.19209313,0,0
2402,0.17963946,0,0
2403,0.15391737,0,0
2404,0.26138157,0,0
2405,0.30209452,0,0
2406,0.22152720,0,0
2407,0.37433028,0,0
2408,0.35398123,0,0
2409,0.15273787,0,0
2410,0.14063893,0,0
2411,0.14341661,0,0
2412,0.59502250,0,0
2413,0.45563900,0,0
2414,0.22476013,0,0
2415,0.19486104,0,0
2416,0.19302471,0,0
2417,0.20155723,0,0
2418,0.19263786,0,0
2419,0.18450090,0,0
2420,0.17522833,0,0
2421,0.20525676,0,0
2422,0.20210014,0,0
2423,0.16013199,0,0
2424,0.15558308,0,0
2425,0.15318726,0,0
2426,0.15544608,0,0
2427,0.11761191,0,0
2428,0.04897945,0,0
2429,0.01411430,0,0
2430,0.01709878,0,0
2431,0.00758706,0,0
2432,0.00257468,0,0
2433,0.00245866,0,0
2434,0.00227429,0,0
2435,0.00210318,0,0
2436,0.00206716,0,0
2437,0.00183874,0,0
2438,0.00154682,0,0
2439,0.00159256,0,0
2440,0.16660124,0,0
2441,0.05378809,0,0
2442,0.02466056,0,0
2443,0.02306515,0,0
2444,0.02701769,0,0
2445,0.03985461,0,0
2446,0.06284639,0,0
2447,0.05069103,0,0
2448,0.04355364,0,0
2449,0.04686725,0,0
2450,0.03462316,0,0
2451,0.02518458,0,0
2452,0.02405250,0,0
2453,0.02872168,0,0
2454,0.03030060,0,0
2455,0.02602927,0,0
2456,0.02515797,0,0
2457,0.70861286,0,0
2458,0.40630209,0,0
2459,0.39249623,0,0
2460,0.38923520,0,0
2461,0.39362365,0,0
2462,0.39714101,0,0
2463,0.40186092,0,0
2464,0.40770444,0,0
2465,0.41062933,0,0
2466,0.41299826,0,0
2467,0.41831514,0,0
2468,0.43329713,0,0
2469,0.44476154,0,0
2470,0.44567838,0,0
2471,0.44749799,0,0
2472,0.45143488,0,0
2473,0.46289530,0,0
2474,0.47575113,0,0
2475,0.51445252,0,0
2476,0.67517686,0,0
2477,0.67187518,0,0
2478,0.67585146,0,0
2479,0.67622781,0,0
2480,0.67716432,1,0
2481,0.68139106,0,0
2482,0.68381524,0,0
2483,0.68476570,0,0
2484,0.68715572,0,0
2485,0.68987244,0,0
2486,0.69207138,0,0
2487,0.69188130,0,0
2488,0.69176036,0,0
2489,0.69238693,0,0
2490,0.69337845,0,0
2491,0.69421983,0,0
2492,0.69444954,0,0
2493,0.71831137,0,0
2494,2.46194148,1,1
2495,2.31632066,1,1
2496,2.26882386,1,1
2497,2.42563987,1,1
2498,2.15486264,1,1
2499,1.98985565,1,1
2500,1.84945261,1,1
2501,1.94024897,1,1
2502,1.76263726,1,1
2503,2.07753301,1,1
2504,2.12288809,1,1
2505,2.13079882,1,1
2506,2.17517781,1,1
2507,2.25677419,1,1
2508,2.32054901,1,1
2509,2.22495818,1,1
2510,2.16225696,1,1
2511,2.23338532,1,1
2512,1.96375465,0,1
2513,1.94380951,0,1
2514,1.96559191,1,1
2515,2.13630199,1,1
2516,2.16075468,1,1
2517,1.93618202,1,1
2518,2.15482759,1,1
2519,1.88857436,1,1
2520,2.30712414,1,1
2521,2.45186234,1,1
2522,2.26115251,1,1
2523,2.02150941,1,1
2524,2.14087462,1,1
2525,2.13772845,1,1
2526,2.43445134,1,1
2527,2.76228070,1,1
2528,2.83186817,1,1
2529,2.90140080,1,1
2530,2.47949815,1,1
2531,2.14594793,1,1
2532,2.04487276,1,1
2533,2.40692186,1,1
2534,1.81760705,1,1
2535,2.14269352,0,1
2536,2.08718491,0,1
2537,2.25206590,1,1
2538,2.31322217,1,1
2539,2.13820696,1,1
2540,1.73624790,1,1
2541,2.61786008,1,1
2542,2.28380847,1,1
2543,2.41437197,1,1
2544,2.18937874,1,1
2545,2.22788668,1,1
2546,2.46438146,1,1
2547,2.29534912,1,1
2548,2.42823935,1,1
2549,1.99728310,0,1
2550,2.50170803,1,1
2551,2.33930540,1,1
2552,1.91705406,1,1
2553,1.88279092,0,1
2554,2.05859971,0,1
2555,2.23992324,0,1
2556,1.92566764,0,1
2557,1.65400660,0,1
2558,2.40690064,0,1
2559,2.31460834,1,1
2560,2.52682114,1,1
2561,2.60964513,1,1
2562,2.55628729,1,1
2563,2.52808428,1,1
2564,2.25045538,1,1
2565,2.12748027,1,1
2566,0.06044461,0,0
2567,0.04335726,0,0
2568,0.06464975,0,0
2569,0.08085334,0,0
2570,0.05034433,0,0
2571,0.03166919,0,0
2572,0.02875473,0,0
2573,0.01788383,0,0
2574,0.01625576,0,0
2575,0.01411913,0,0
2576,0.01251401,0,0
2577,0.01582525,0,0
2578,0.02022524,0,0
2579,0.01962744,0,0
2580,0.01819166,0,0
2581,0.01722733,0,0
2582,0.01623938,0,0
2583,0.01856361,0,0
2584,0.07626944,0,0
2585,0.04563773,0,0
2586,0.04516945,0,0
2587,0.04772809,0,0
2588,0.04599135,0,0
2589,0.04321533,0,0
2590,0.04012584,0,0
2591,0.04246899,0,0
2592,0.04358652,0,0
2593,0.04084492,0,0
2594,0.04120677,0,0
2595,0.05142030,0,0
2596,0.05430450,0,0
2597,0.04914470,0,0
2598,0.05001323,0,0
2599,0.02659529,0,0
2600,0.00766361,0,0
2601,0.00516255,0,0
2602,0.01317031,0,0
2603,0.01290577,0,0
2604,0.00366275,0,0
2605,0.00136416,0,0
2606,0.00100398,0,0
2607,0.00080196,0,0
2608,0.00072171,0,0
2609,0.00098969,0,0
2610,0.00239946,0,0
2611,0.00329772,0,0
2612,0.00230650,0,0
2613,0.00118280,0,0
2614,0.00101528,0,0
2615,0.00131393,0,0
2616,0.00107953,0,0
2617,0.00087300,0,0
2618,0.14964710,0,0
2619,0.04115798,0,0
2620,0.01844501,0,0
2621,0.01643912,0,0
2622,0.01517872,0,0
2623,0.01334662,0,0
2624,0.01258734,0,0
2625,0.01194257,0,0
2626,0.01210507,0,0
2627,0.01492040,0,0
2628,0.01618872,0,0
2629,0.01351006,0,0
2630,0.01161402,0,0
2631,0.01007896,0,0
2632,0.00946595,0,0
2633,0.50885034,0,0
2634,0.50079811,0,0
2635,0.49486309,0,0
2636,0.49514708,0,0
2637,0.49058402,0,0
2638,0.49181473,0,0
2639,0.48711464,0,0
2640,0.48400959,0,0
2641,0.48499945,0,0
2642,0.48119822,0,0
2643,0.47957999,0,0
2644,0.47831050,0,0
2645,0.48480788,0,0
2646,0.48410225,0,0
2647,0.48729071,0,0
2648,0.48978287,0,0
2649,0.48794499,0,0
2650,0.49584475,0,0
2651,0.55762756,0,0
2652,0.54768175,0,0
2653,0.57192701,0,0
2654,0.57760227,0,0
2655,0.55237091,0,0
2656,0.54569596,0,0
2657,0.54940426,0,0
2658,0.55197746,0,0
2659,0.55225289,0,0
2660,0.55321640,0,0
2661,0.55378658,0,0
2662,0.55414087,0,0
2663,0.55655235,0,0
2664,0.55605489,0,0
2665,0.55345672,0,0
2666,0.55670434,0,0
2667,0.55636567,0,0
2668,0.55705839,0,0
2669,0.63834077,0,0
2670,0.65712625,0,0
2671,0.70753384,0,0
2672,0.73403728,0,0
2673,0.68561792,0,0
2674,0.65949374,0,0
2675,0.72141623,0,0
2676,0.74801594,0,0
2677,0.74449795,0,0
2678,0.78207260,0,0
2679,0.77953660,0,0
2680,0.85713083,0,0
2681,0.89817429,0,0
2682,0.90357381,0,0
2683,1.03741586,0,0
2684,0.85440320,0,0
2685,0.79207844,0,0
2686,0.71880609,0,0
2687,0.79769504,0,0
2688,0.78144819,0,0
2689,0.74768317,0,0
2690,0.77342194,0,0
2691,0.74003947,0,0
2692,0.76852190,0,0
2693,0.85612202,0,0
2694,0.83500224,0,0
2695,0.80775493,0,0
2696,0.85124123,0,0
2697,1.08102477,0,0
2698,1.29166818,0,1
2699,1.37031388,0,1
2700,1.38588989,0,1
2701,1.13723123,0,0
2702,1.44004905,1,1
2703,1.37559354,0,1
2704,1.36492872,0,1
2705,1.22512829,0,1
2706,1.31699526,0,1
2707,1.30146277,0,1
2708,1.25285363,0,1
2709,1.59509778,0,1
2710,1.66519022,0,1
2711,1.24854529,0,1
2712,0.94144505,0,0
2713,1.01216567,0,0
2714,1.19744277,0,0
2715,1.01880062,0,0
2716,1.23979008,0,1
2717,1.26919842,0,1
2718,1.36170924,0,1
2719,1.66142571,0,1
2720,1.61459541,0,1
2721,1.32026291,0,1
2722,1.12575996,0,0
2723,1.11980021,0,0
2724,1.01242268,0,0
2725,0.93028098,0,0
2726,0.87162191,0,0
2727,0.92334682,0,0
2728,0.95718127,0,0
2729,0.85416698,0,0
2730,0.91920823,0,0
2731,0.97832364,0,0
2732,0.98782372,0,0
2733,1.03544617,0,0
2734,0.85174698,0,0
2735,0.80145478,0,0
2736,1.11013663,0,0
2737,1.08023310,0,0
2738,0.76611835,0,0
2739,0.90433788,0,0
2740,0.91804779,0,0
2741,0.87276232,0,0
2742,0.97793609,0,0
2743,1.06462574,0,0
2744,0.85455447,0,0
2745,0.76401013,0,0
2746,0.99803907,0,0
2747,1.17316210,0,0
2748,1.05928481,0,0
2749,1.07666922,0,0
2750,1.12512517,0,0
2751,0.94728643,0,0
2752,0.81902206,0,0
2753,0.15066458,0,0
2754,0.10524584,0,0
2755,0.08524127,0,0
2756,0.09194847,0,0
2757,0.05793164,0,0
2758,0.04336354,0,0
2759,0.03852597,0,0
2760,0.03648613,0,0
2761,0.03391962,0,0
2762,0.03250123,0,0
2763,0.04119673,0,0
2764,0.04735175,0,0
2765,0.04673879,0,0
2766,0.04905766,0,0
2767,0.04652119,0,0
2768,0.04372545,0,0
2769,0.04585578,0,0
2770,0.04426745,0,0
2771,0.04017426,0,0
2772,0.13056065,0,0
2773,0.08833671,0,0
2774,0.07032063,0,0
2775,0.06007836,0,0
2776,0.05951609,0,0
2777,0.06468347,0,0
2778,0.06848843,0,0
2779,0.06749379,0,0
2780,0.06835396,0,0
2781,0.06964137,0,0
2782,0.06458417,0,0
2783,0.06601410,0,0
2784,0.07209277,0,0
2785,0.07200401,0,0
2786,0.06942467,0,0
2787,0.06608465,0,0
2788,0.06799408,0,0
2789,0.07904020,0,0
2790,0.01827104,0,0
2791,0.00418871,0,0
2792,0.00175673,0,0
2793,0.00092922,0,0
2794,0.00097880,0,0
2795,0.00102504,0,0
2796,0.00105368,0,0
2797,0.00119957,0,0
2798,0.00112844,0,0
2799,0.00100032,0,0
2800,0.00187831,0,0
2801,0.00201825,0,0
2802,0.00111532,0,0
2803,0.20912139,0,0
2804,0.05326705,0,0
2805,0.01568880,0,0
2806,0.00777054,0,0
2807,0.00482699,0,0
2808,0.00904529,0,0
2809,0.01117565,0,0
2810,0.00741006,0,0
2811,0.00558149,0,0
2812,0.00551252,0,0
2813,0.00896152,0,0
2814,0.01005452,0,0
2815,0.00749113,0,0
2816,0.00721208,0,0
2817,0.00649489,0,0
2818,0.00539673,0,0
2819,0.00498675,0,0
2820,0.00421530,0,0
2821,0.00457107,0,0
2822,0.00485973,0,0
2823,0.44861951,0,0
2824,0.43868703,0,0
2825,0.43521979,0,0
2826,0.44272885,0,0
2827,0.44612899,0,0
2828,0.43357080,0,0
2829,0.43592373,0,0
2830,0.43502247,0,0
2831,0.43598697,0,0
2832,0.44362497,0,0
2833,0.43867496,0,0
2834,0.44144973,0,0
2835,0.44343111,0,0
2836,0.43951777,0,0
2837,0.44307601,0,0
2838,0.44203049,0,0
2839,0.43705118,0,0
2840,0.44251749,0,0
2841,0.48503983,0,0
2842,0.41739514,0,0
2843,0.41220483,0,0
2844,0.40821043,0,0
2845,0.40525764,0,0
2846,0.40776670,0,0
2847,0.40669718,0,0
2848,0.40914917,0,0
2849,0.40431410,0,0
2850,0.40120688,0,0
2851,0.40660492,0,0
2852,0.40181342,0,0
2853,0.39579970,0,0
2854,0.39881483,0,0
2855,0.39740789,0,0
2856,0.39520603,0,0
2857,0.39974791,0,0
2858,0.40091166,0,0
2859,0.77658111,0,0
2860,0.77122229,0,0
2861,0.78974354,0,0
2862,0.86574209,0,0
2863,0.86762154,0,0
2864,0.82709068,0,0
2865,0.87414098,0,0
2866,0.86285478,0,0
2867,0.82152760,0,0
2868,0.79260778,0,0
2869,0.83311802,0,0
2870,0.91222203,0,0
2871,0.80578375,0,0
2872,0.75520682,0,0
2873,0.96026421,0,0
2874,0.81033051,0,0
2875,0.83439535,0,0
2876,0.81493169,0,0
2877,0.76872593,0,0
2878,0.82504648,0,0
2879,0.85997200,0,0
2880,0.84083587,0,0
2881,0.83078778,0,0
2882,0.90832150,0,0
2883,0.89886457,0,0
2884,0.83773720,0,0
2885,0.81162757,0,0
2886,0.86757863,0,0
2887,0.83106774,0,0
2888,0.82106763,0,0
2889,0.97855061,0,0
2890,1.05190527,0,0
2891,1.31457520,0,1
2892,1.31614661,0,1
2893,1.13168025,0,0
2894,1.22850168,0,1
2895,1.08831215,0,0
2896,0.81517476,0,0
2897,0.90296638,0,0
2898,1.05039942,0,0
2899,1.39819777,0,1
2900,1.24447572,0,1
2901,1.65936720,0,1
2902,1.53992462,0,1
2903,1.27080917,0,1
2904,1.21233332,0,0
2905,1.20789874,0,0
2906,1.14341223,0,0
2907,1.26054978,0,1
2908,1.28884137,0,1
2909,0.94073677,0,0
2910,0.88697422,0,0
2911,0.95116180,0,0
2912,0.98851746,0,0
2913,0.93137020,0,0
2914,0.97152066,0,0
2915,1.11822450,0,0
2916,1.02726412,0,0
2917,0.96919900,0,0
2918,1.17517972,0,0
2919,1.03584790,0,0
2920,1.02297449,0,0
2921,1.13653719,0,0
2922,1.10673368,0,0
2923,0.99350441,0,0
2924,1.10128736,0,0
2925,1.01280463,0,0
2926,0.97742474,0,0
2927,0.83639240,0,0
2928,1.36923110,0,1
2929,1.18385661,0,0
2930,1.27844644,0,1
2931,1.33835733,0,1
2932,1.34802604,0,1
2933,1.36185193,0,1
2934,1.40049469,0,1
2935,1.18642068,0,0
2936,1.14952517,0,0
2937,1.22651637,0,1
2938,1.05631387,0,0
2939,1.02293253,0,0
2940,1.16995370,0,0
2941,1.02373219,0,0
2942,1.01504183,0,0
2943,1.12761819,0,0
2944,0.99524838,0,0
2945,0.90573078,0,0
2946,0.99245769,0,0
